{
  "metadata": {
    "format": "zigpy/open-coordinator-backup",
    "version": 1,
    "source": "zigbee-herdsman@0.14.93",
    "internal": {
      "date": "2023-03-22T01:22:51.606Z",
      "znpVersion": 0
    }
  },
  "stack_specific": {
    "zstack": {}
  },
  "coordinator_ieee": "00124b0018e309e4",
  "pan_id": "1a62",
  "extended_pan_id": "00124b0018e309e4",
  "nwk_update_id": 0,
  "security_level": 5,
  "channel": 11,
  "channel_mask": [
    11
  ],
  "network_key": {
    "key": "01030507090b0d0f00020406080a0c0d",
    "sequence_number": 0,
    "frame_counter": 0
  },
  "devices": [
    {
      "nwk_address": "11e7",
      "ieee_address": "00158d0007e200b1",
      "is_child": true
    },
    {
      "nwk_address": "0adf",
      "ieee_address": "00158d0007f2a480",
      "is_child": true
    },
    {
      "nwk_address": "db79",
      "ieee_address": "00158d0007926e2d",
      "is_child": true
    },
    {
      "nwk_address": "e059",
      "ieee_address": "00158d0007926bb1",
      "is_child": true
    },
    {
      "nwk_address": "719a",
      "ieee_address": "a4c138277f35b2ca",
      "is_child": true
    },
    {
      "nwk_address": "46bb",
      "ieee_address": "00158d0007e1f475",
      "is_child": false
    },
    {
      "nwk_address": "6b19",
      "ieee_address": "00158d00078e3eb5",
      "is_child": true
    },
    {
      "nwk_address": "16d9",
      "ieee_address": "804b50fffed4040b",
      "is_child": true
    },
    {
      "nwk_address": "307d",
      "ieee_address": "00158d0007e1f48a",
      "is_child": true
    },
    {
      "nwk_address": "4855",
      "ieee_address": "804b50fffeff70c4",
      "is_child": true
    },
    {
      "nwk_address": "4b0b",
      "ieee_address": "b4e3f9fffeaa130f",
      "is_child": true
    },
    {
      "nwk_address": "3c33",
      "ieee_address": "00158d00078e449b",
      "is_child": true
    },
    {
      "nwk_address": "d0ec",
      "ieee_address": "00158d0007e1f34f",
      "is_child": false
    },
    {
      "nwk_address": "a9f6",
      "ieee_address": "00158d00078e4417",
      "is_child": true
    },
    {
      "nwk_address": "f821",
      "ieee_address": "00158d0007926c1b",
      "is_child": false
    },
    {
      "nwk_address": "11d4",
      "ieee_address": "00158d0007926c16",
      "is_child": true
    },
    {
      "nwk_address": "384d",
      "ieee_address": "00158d00078e3b4b",
      "is_child": false
    },
    {
      "nwk_address": "0022",
      "ieee_address": "a4c138f193bd52ea",
      "is_child": true
    },
    {
      "nwk_address": "6961",
      "ieee_address": "0c4314fffe0b93ab",
      "is_child": false
    },
    {
      "nwk_address": "4f43",
      "ieee_address": "00158d0005d0dd9f",
      "is_child": true
    },
    {
      "nwk_address": "4190",
      "ieee_address": "a4c138cfc26b6b89",
      "is_child": true
    },
    {
      "nwk_address": "570d",
      "ieee_address": "00158d0007e3af79",
      "is_child": true
    },
    {
      "nwk_address": "3dfa",
      "ieee_address": "8cf681fffe4de23b",
      "is_child": true
    }
  ]
}