{
    "0x00158d0007926c16": {},
    "0xa4c138f193bd52ea": {
        "energy": 0,
        "power": 0,
        "current": 0,
        "voltage": 240,
        "state": "ON",
        "power_outage_memory": "restore",
        "indicator_mode": "off/on",
        "child_lock": "UNLOCK"
    },
    "0x0c4314fffe0b93ab": {
        "color_mode": "color_temp",
        "update": {
            "state": "available"
        },
        "update_available": true,
        "brightness": 50,
        "state": "OFF",
        "color": {
            "x": 0.4599,
            "y": 0.4106
        },
        "color_temp": 370
    }
}