{
  "metadata": {
    "format": "zigpy/open-coordinator-backup",
    "version": 1,
    "source": "zigbee-herdsman@0.14.93",
    "internal": {
      "date": "2023-03-22T10:57:06.298Z",
      "znpVersion": 0
    }
  },
  "stack_specific": {
    "zstack": {}
  },
  "coordinator_ieee": "00124b0018e30a82",
  "pan_id": "1a62",
  "extended_pan_id": "00124b0018e30a82",
  "nwk_update_id": 0,
  "security_level": 5,
  "channel": 11,
  "channel_mask": [
    11
  ],
  "network_key": {
    "key": "01030507090b0d0f00020406080a0c0d",
    "sequence_number": 0,
    "frame_counter": 0
  },
  "devices": [
    {
      "nwk_address": "ab75",
      "ieee_address": "00158d0007f2a480",
      "is_child": true
    },
    {
      "nwk_address": "2aa4",
      "ieee_address": "a4c1382af87de6f5",
      "is_child": true
    }
  ]
}